{"cameraMode":{"drawMode":0,"name":"Shaded","section":"Shading Mode"},"sceneLighting":true,"audioPlay":false,"sceneViewState":{"m_AlwaysRefresh":false,"showFog":true,"showSkybox":false,"showFlares":true,"showImageEffects":true,"showParticleSystems":true,"showVisualEffectGraphs":true,"m_FxEnabled":true},"in2DMode":false,"pivot":{"x":-54.20309829711914,"y":3.5141053199768068,"z":-45.397621154785159},"rotation":{"x":0.00041194932418875396,"y":0.9992144703865051,"z":-0.03929838538169861,"w":0.010158685967326165},"size":1.8952736854553223,"orthographic":false}