{"cameraMode":{"drawMode":0,"name":"Shaded","section":"Shading Mode"},"sceneLighting":false,"audioPlay":false,"sceneViewState":{"m_AlwaysRefresh":false,"showFog":true,"showSkybox":false,"showFlares":true,"showImageEffects":true,"showParticleSystems":true,"showVisualEffectGraphs":true,"m_FxEnabled":true},"in2DMode":false,"pivot":{"x":1681.9974365234375,"y":1414.254150390625,"z":-2285.470947265625},"rotation":{"x":0.0027608112432062628,"y":0.9873442649841309,"z":-0.15832573175430299,"w":0.017100442200899125},"size":1.3534026145935059,"orthographic":false}