{"cameraMode":{"drawMode":0,"name":"Shaded","section":"Shading Mode"},"sceneLighting":false,"audioPlay":false,"sceneViewState":{"m_AlwaysRefresh":false,"showFog":true,"showSkybox":false,"showFlares":true,"showImageEffects":true,"showParticleSystems":true,"showVisualEffectGraphs":true,"m_FxEnabled":true},"in2DMode":false,"pivot":{"x":65.41000366210938,"y":-2.2100002765655519,"z":31.579999923706056},"rotation":{"x":0.07918410748243332,"y":-0.9114289283752441,"z":0.34556612372398379,"w":0.2088942527770996},"size":2.1823854446411135,"orthographic":false}