{"cameraMode":{"drawMode":0,"name":"Shaded","section":"Shading Mode"},"sceneLighting":false,"audioPlay":false,"sceneViewState":{"m_AlwaysRefresh":false,"showFog":true,"showSkybox":false,"showFlares":true,"showImageEffects":true,"showParticleSystems":true,"showVisualEffectGraphs":true,"m_FxEnabled":true},"in2DMode":false,"pivot":{"x":0.18709349632263184,"y":0.31218844652175906,"z":0.34448421001434328},"rotation":{"x":0.05096815153956413,"y":0.6247407793998718,"z":-0.04090508446097374,"w":0.7781133651733398},"size":1.3347575664520264,"orthographic":false}