{"cameraMode":{"drawMode":0,"name":"Shaded","section":"Shading Mode"},"sceneLighting":true,"audioPlay":false,"sceneViewState":{"m_AlwaysRefresh":false,"showFog":true,"showSkybox":false,"showFlares":true,"showImageEffects":true,"showParticleSystems":true,"showVisualEffectGraphs":true,"m_FxEnabled":true},"in2DMode":false,"pivot":{"x":-59.465797424316409,"y":2.3059184551239015,"z":46.438255310058597},"rotation":{"x":-0.021797610446810724,"y":0.9720557928085327,"z":-0.21176749467849732,"w":-0.10016778856515885},"size":2.589104652404785,"orthographic":false}