{"cameraMode":{"drawMode":0,"name":"Shaded","section":"Shading Mode"},"sceneLighting":true,"audioPlay":false,"sceneViewState":{"m_AlwaysRefresh":false,"showFog":true,"showSkybox":true,"showFlares":true,"showImageEffects":true,"showParticleSystems":true,"showVisualEffectGraphs":true,"m_FxEnabled":true},"in2DMode":false,"pivot":{"x":-15.659656524658204,"y":20.008209228515626,"z":-11.352516174316407},"rotation":{"x":0.4160182774066925,"y":0.08013793081045151,"z":-0.03672870248556137,"w":0.9051559567451477},"size":16.489646911621095,"orthographic":false}