{"cameraMode":{"drawMode":0,"name":"Shaded","section":"Shading Mode"},"sceneLighting":true,"audioPlay":false,"sceneViewState":{"m_AlwaysRefresh":false,"showFog":true,"showSkybox":true,"showFlares":true,"showImageEffects":true,"showParticleSystems":true,"showVisualEffectGraphs":true,"m_FxEnabled":true},"in2DMode":false,"pivot":{"x":-34.51055908203125,"y":-66.90938568115235,"z":252.02377319335938},"rotation":{"x":-0.12941591441631318,"y":-0.0431525893509388,"z":0.005700650159269571,"w":-0.9906867146492004},"size":124.64244842529297,"orthographic":false}