{"cameraMode":{"drawMode":0,"name":"Shaded","section":"Shading Mode"},"sceneLighting":true,"audioPlay":false,"sceneViewState":{"m_AlwaysRefresh":false,"showFog":true,"showSkybox":true,"showFlares":true,"showImageEffects":true,"showParticleSystems":true,"showVisualEffectGraphs":true,"m_FxEnabled":true},"in2DMode":false,"pivot":{"x":60.05378341674805,"y":-0.9698851108551025,"z":2.731940269470215},"rotation":{"x":0.09400252997875214,"y":0.7205434441566467,"z":-0.09961953014135361,"w":0.6797752380371094},"size":0.3072715401649475,"orthographic":false}