{"cameraMode":{"drawMode":0,"name":"Shaded","section":"Shading Mode"},"sceneLighting":true,"audioPlay":false,"sceneViewState":{"m_AlwaysRefresh":false,"showFog":true,"showSkybox":true,"showFlares":true,"showImageEffects":true,"showParticleSystems":true,"showVisualEffectGraphs":true,"m_FxEnabled":true},"in2DMode":false,"pivot":{"x":32.94593048095703,"y":44.130218505859378,"z":152.7774658203125},"rotation":{"x":0.03619510307908058,"y":-0.9634352326393127,"z":0.1861422061920166,"w":0.18872106075286866},"size":23.367265701293947,"orthographic":false}