{"cameraMode":{"drawMode":0,"name":"Shaded","section":"Shading Mode"},"sceneLighting":true,"audioPlay":false,"sceneViewState":{"m_AlwaysRefresh":false,"showFog":true,"showSkybox":true,"showFlares":true,"showImageEffects":true,"showParticleSystems":true,"showVisualEffectGraphs":true,"m_FxEnabled":true},"in2DMode":false,"pivot":{"x":25.21434783935547,"y":4.800841808319092,"z":-24.444835662841798},"rotation":{"x":-0.016868093982338907,"y":0.8976793885231018,"z":-0.0344841368496418,"w":-0.43899184465408327},"size":24.064189910888673,"orthographic":false}