{"cameraMode":{"drawMode":0,"name":"Shaded","section":"Shading Mode"},"sceneLighting":false,"audioPlay":false,"sceneViewState":{"m_AlwaysRefresh":false,"showFog":true,"showSkybox":false,"showFlares":true,"showImageEffects":true,"showParticleSystems":true,"showVisualEffectGraphs":true,"m_FxEnabled":true},"in2DMode":false,"pivot":{"x":-0.005749523639678955,"y":2.2409651279449465,"z":-0.014292620122432709},"rotation":{"x":0.18136900663375855,"y":0.7972862124443054,"z":-0.2914777100086212,"w":0.4966259300708771},"size":2.2646729946136476,"orthographic":false}