{"cameraMode":{"drawMode":0,"name":"Shaded","section":"Shading Mode"},"sceneLighting":true,"audioPlay":false,"sceneViewState":{"m_AlwaysRefresh":false,"showFog":true,"showSkybox":false,"showFlares":true,"showImageEffects":true,"showParticleSystems":true,"showVisualEffectGraphs":true,"m_FxEnabled":true},"in2DMode":false,"pivot":{"x":0.4895179271697998,"y":1.928076982498169,"z":-30.815847396850587},"rotation":{"x":0.08294003456830979,"y":-0.8694291114807129,"z":0.15632155537605287,"w":0.4612845182418823},"size":4.7397685050964359,"orthographic":false}