{"cameraMode":{"drawMode":0,"name":"Shaded","section":"Shading Mode"},"sceneLighting":true,"audioPlay":false,"sceneViewState":{"m_AlwaysRefresh":false,"showFog":true,"showSkybox":false,"showFlares":true,"showImageEffects":true,"showParticleSystems":true,"showVisualEffectGraphs":true,"m_FxEnabled":true},"in2DMode":false,"pivot":{"x":-21.881149291992189,"y":-0.2393515706062317,"z":21.46763038635254},"rotation":{"x":0.04069444164633751,"y":-0.9587359428405762,"z":0.18130196630954743,"w":0.21519385278224946},"size":3.4552993774414064,"orthographic":false}