{"cameraMode":{"drawMode":0,"name":"Shaded","section":"Shading Mode"},"sceneLighting":false,"audioPlay":false,"sceneViewState":{"m_AlwaysRefresh":false,"showFog":true,"showSkybox":false,"showFlares":true,"showImageEffects":true,"showParticleSystems":true,"showVisualEffectGraphs":true,"m_FxEnabled":true},"in2DMode":false,"pivot":{"x":-8.798974990844727,"y":4.459409713745117,"z":0.7991142272949219},"rotation":{"x":0.10928843915462494,"y":-0.010958615690469742,"z":0.0012168865650892258,"w":0.9940589666366577},"size":12.469441413879395,"orthographic":false}