{"cameraMode":{"drawMode":0,"name":"Shaded","section":"Shading Mode"},"sceneLighting":false,"audioPlay":false,"sceneViewState":{"m_AlwaysRefresh":false,"showFog":true,"showSkybox":false,"showFlares":true,"showImageEffects":true,"showParticleSystems":true,"showVisualEffectGraphs":true,"m_FxEnabled":true},"in2DMode":false,"pivot":{"x":59.38999938964844,"y":-2.180000066757202,"z":28.899999618530275},"rotation":{"x":-0.007422911003232002,"y":-0.9756872653961182,"z":0.2165418565273285,"w":-0.033381421118974689},"size":2.1217615604400636,"orthographic":false}