{"cameraMode":{"drawMode":0,"name":"Shaded","section":"Shading Mode"},"sceneLighting":false,"audioPlay":false,"sceneViewState":{"m_AlwaysRefresh":false,"showFog":true,"showSkybox":false,"showFlares":true,"showImageEffects":true,"showParticleSystems":true,"showVisualEffectGraphs":true,"m_FxEnabled":true},"in2DMode":false,"pivot":{"x":31.899255752563478,"y":4.174778938293457,"z":-23.834705352783204},"rotation":{"x":0.041195500642061236,"y":0.9534648656845093,"z":-0.15289878845214845,"w":0.25703829526901247},"size":1.3499994277954102,"orthographic":false}