{"cameraMode":{"drawMode":0,"name":"Shaded","section":"Shading Mode"},"sceneLighting":true,"audioPlay":false,"sceneViewState":{"m_AlwaysRefresh":false,"showFog":true,"showSkybox":false,"showFlares":true,"showImageEffects":true,"showParticleSystems":true,"showVisualEffectGraphs":true,"m_FxEnabled":true},"in2DMode":false,"pivot":{"x":-60.35751724243164,"y":0.1326121687889099,"z":-40.33465576171875},"rotation":{"x":0.04400041326880455,"y":0.9511322379112244,"z":-0.15980692207813264,"w":0.26098114252090456},"size":1.1660256385803223,"orthographic":false}