{"cameraMode":{"drawMode":0,"name":"Shaded","section":"Shading Mode"},"sceneLighting":true,"audioPlay":false,"sceneViewState":{"m_AlwaysRefresh":false,"showFog":true,"showSkybox":false,"showFlares":true,"showImageEffects":true,"showParticleSystems":true,"showVisualEffectGraphs":true,"m_FxEnabled":true},"in2DMode":false,"pivot":{"x":-56.294227600097659,"y":-0.5759875178337097,"z":37.849456787109378},"rotation":{"x":0.1518654227256775,"y":-0.6297907829284668,"z":0.12736427783966065,"w":0.7512104511260986},"size":1.9891047477722169,"orthographic":false}