{"cameraMode":{"drawMode":0,"name":"Shaded","section":"Shading Mode"},"sceneLighting":false,"audioPlay":false,"sceneViewState":{"m_AlwaysRefresh":false,"showFog":true,"showSkybox":false,"showFlares":true,"showImageEffects":true,"showParticleSystems":true,"showVisualEffectGraphs":true,"m_FxEnabled":true},"in2DMode":false,"pivot":{"x":-58.099998474121097,"y":1.3329999446868897,"z":-44.400001525878909},"rotation":{"x":0.08408694714307785,"y":0.6943821907043457,"z":-0.08225332200527191,"w":0.709945797920227},"size":1.6618516445159913,"orthographic":false}