{"cameraMode":{"drawMode":0,"name":"Shaded","section":"Shading Mode"},"sceneLighting":false,"audioPlay":false,"sceneViewState":{"m_AlwaysRefresh":false,"showFog":true,"showSkybox":false,"showFlares":true,"showImageEffects":true,"showParticleSystems":true,"showVisualEffectGraphs":true,"m_FxEnabled":true},"in2DMode":false,"pivot":{"x":-0.12549960613250733,"y":-0.20444560050964356,"z":0.3755001425743103},"rotation":{"x":0.007146402262151241,"y":-0.9756971001625061,"z":0.21716172993183137,"w":0.03198057785630226},"size":0.9195994138717651,"orthographic":false}