{"cameraMode":{"drawMode":0,"name":"Shaded","section":"Shading Mode"},"sceneLighting":true,"audioPlay":false,"sceneViewState":{"m_AlwaysRefresh":false,"showFog":true,"showSkybox":false,"showFlares":true,"showImageEffects":true,"showParticleSystems":true,"showVisualEffectGraphs":true,"m_FxEnabled":true},"in2DMode":false,"pivot":{"x":-1.1920928955078126e-7,"y":1.802817940711975,"z":2.633218765258789},"rotation":{"x":0.0024908401537686588,"y":0.9973111152648926,"z":0.03801242262125015,"w":-0.06357485055923462},"size":2.30643892288208,"orthographic":false}