{"cameraMode":{"drawMode":0,"name":"Shaded","section":"Shading Mode"},"sceneLighting":true,"audioPlay":false,"sceneViewState":{"m_AlwaysRefresh":false,"showFog":true,"showSkybox":false,"showFlares":true,"showImageEffects":true,"showParticleSystems":true,"showVisualEffectGraphs":true,"m_FxEnabled":true},"in2DMode":false,"pivot":{"x":17.92340087890625,"y":-1.7899999618530274,"z":86.92208862304688},"rotation":{"x":0.10572776198387146,"y":-0.19433045387268067,"z":0.021057620644569398,"w":0.9751215577125549},"size":1.9448646306991578,"orthographic":false}