{"cameraMode":{"drawMode":0,"name":"Shaded","section":"Shading Mode"},"sceneLighting":false,"audioPlay":false,"sceneViewState":{"m_AlwaysRefresh":false,"showFog":true,"showSkybox":false,"showFlares":true,"showImageEffects":true,"showParticleSystems":true,"showVisualEffectGraphs":true,"m_FxEnabled":true},"in2DMode":false,"pivot":{"x":23.427278518676759,"y":-0.024390220642089845,"z":-8.2501220703125},"rotation":{"x":0.19324162602424622,"y":0.7472424507141113,"z":-0.24615536630153657,"w":0.5861460566520691},"size":12.436527252197266,"orthographic":false}