{"cameraMode":{"drawMode":0,"name":"Shaded","section":"Shading Mode"},"sceneLighting":false,"audioPlay":false,"sceneViewState":{"m_AlwaysRefresh":false,"showFog":true,"showSkybox":false,"showFlares":true,"showImageEffects":true,"showParticleSystems":true,"showVisualEffectGraphs":true,"m_FxEnabled":true},"in2DMode":false,"pivot":{"x":23.985923767089845,"y":-11.274535179138184,"z":-28.601343154907228},"rotation":{"x":-0.18168069422245027,"y":-0.7182219624519348,"z":0.20353777706623078,"w":-0.6401996612548828},"size":14.197661399841309,"orthographic":false}