{"cameraMode":{"drawMode":0,"name":"Shaded","section":"Shading Mode"},"sceneLighting":true,"audioPlay":false,"sceneViewState":{"m_AlwaysRefresh":false,"showFog":true,"showSkybox":false,"showFlares":true,"showImageEffects":true,"showParticleSystems":true,"showVisualEffectGraphs":true,"m_FxEnabled":true},"in2DMode":false,"pivot":{"x":62.35285949707031,"y":-1.7518775463104249,"z":2.7301642894744875},"rotation":{"x":0.016951747238636018,"y":0.9750258326530457,"z":-0.0785093903541565,"w":0.20746080577373506},"size":2.8660919666290285,"orthographic":false}