{"cameraMode":{"drawMode":0,"name":"Shaded","section":"Shading Mode"},"sceneLighting":true,"audioPlay":false,"sceneViewState":{"m_AlwaysRefresh":false,"showFog":true,"showSkybox":false,"showFlares":true,"showImageEffects":true,"showParticleSystems":true,"showVisualEffectGraphs":true,"m_FxEnabled":true},"in2DMode":false,"pivot":{"x":61.79603576660156,"y":-1.4346396923065186,"z":3.2017595767974855},"rotation":{"x":-0.017858922481536866,"y":0.9799741506576538,"z":-0.16864559054374696,"w":-0.10513266175985336},"size":1.3660922050476075,"orthographic":false}