{"cameraMode":{"drawMode":0,"name":"Shaded","section":"Shading Mode"},"sceneLighting":true,"audioPlay":false,"sceneViewState":{"m_AlwaysRefresh":false,"showFog":true,"showSkybox":false,"showFlares":true,"showImageEffects":true,"showParticleSystems":true,"showVisualEffectGraphs":true,"m_FxEnabled":true},"in2DMode":false,"pivot":{"x":61.76576614379883,"y":-1.713837742805481,"z":3.1681110858917238},"rotation":{"x":0.07046063989400864,"y":0.9277153611183167,"z":-0.22641949355602265,"w":0.28846874833106997},"size":1.6339077949523926,"orthographic":false}