{"cameraMode":{"drawMode":0,"name":"Shaded","section":"Shading Mode"},"sceneLighting":true,"audioPlay":false,"sceneViewState":{"m_AlwaysRefresh":false,"showFog":true,"showSkybox":false,"showFlares":true,"showImageEffects":true,"showParticleSystems":true,"showVisualEffectGraphs":true,"m_FxEnabled":true},"in2DMode":false,"pivot":{"x":61.523868560791019,"y":-2.0654330253601076,"z":3.0434317588806154},"rotation":{"x":0.14597828686237336,"y":0.713596522808075,"z":-0.15612469613552094,"w":0.6671807765960693},"size":1.9339077472686768,"orthographic":false}